{
  "v": "5.10.2",
  "fr": 25,
  "ip": 0,
  "op": 66,
  "w": 60,
  "h": 60,
  "nm": "BoxPay Logo",
  "ddd": 0,
  "assets": [
    {
      "id": "comp_0",
      "nm": "BoxPay Logo-Hires",
      "fr": 25,
      "layers": [
        {
          "ddd": 0,
          "ind": 1,
          "ty": 4,
          "nm": "Shape Layer 1",
          "parent": 2,
          "td": 1,
          "sr": 1,
          "ks": {
            "o": {
              "a": 0,
              "k": 100,
              "ix": 11
            },
            "r": {
              "a": 0,
              "k": 0,
              "ix": 10
            },
            "p": {
              "a": 0,
              "k": [
                27.25,
                3,
                0
              ],
              "ix": 2,
              "l": 2
            },
            "a": {
              "a": 0,
              "k": [
                27.25,
                3,
                0
              ],
              "ix": 1,
              "l": 2
            },
            "s": {
              "a": 0,
              "k": [
                100,
                100,
                100
              ],
              "ix": 6,
              "l": 2
            }
          },
          "ao": 0,
          "shapes": [
            {
              "ty": "gr",
              "it": [
                {
                  "ind": 0,
                  "ty": "sh",
                  "ix": 1,
                  "ks": {
                    "a": 0,
                    "k": {
                      "i": [
                        [
                          0,
                          0
                        ],
                        [
                          0,
                          0
                        ],
                        [
                          0,
                          0
                        ],
                        [
                          0,
                          0
                        ],
                        [
                          0,
                          0
                        ],
                        [
                          0,
                          0
                        ],
                        [
                          0,
                          0
                        ],
                        [
                          0,
                          0
                        ],
                        [
                          0,
                          0
                        ],
                        [
                          0,
                          0
                        ],
                        [
                          0,
                          0
                        ],
                        [
                          0,
                          0
                        ],
                        [
                          0,
                          0
                        ],
                        [
                          0,
                          0
                        ],
                        [
                          0,
                          0
                        ],
                        [
                          0,
                          0
                        ],
                        [
                          0,
                          0
                        ]
                      ],
                      "o": [
                        [
                          0,
                          0
                        ],
                        [
                          0,
                          0
                        ],
                        [
                          0,
                          0
                        ],
                        [
                          0,
                          0
                        ],
                        [
                          0,
                          0
                        ],
                        [
                          0,
                          0
                        ],
                        [
                          0,
                          0
                        ],
                        [
                          0,
                          0
                        ],
                        [
                          0,
                          0
                        ],
                        [
                          0,
                          0
                        ],
                        [
                          0,
                          0
                        ],
                        [
                          0,
                          0
                        ],
                        [
                          0,
                          0
                        ],
                        [
                          0,
                          0
                        ],
                        [
                          0,
                          0
                        ],
                        [
                          0,
                          0
                        ],
                        [
                          0,
                          0
                        ]
                      ],
                      "v": [
                        [
                          27.25,
                          -12.5
                        ],
                        [
                          27.823,
                          19.851
                        ],
                        [
                          6.949,
                          9.802
                        ],
                        [
                          28.706,
                          19.989
                        ],
                        [
                          -0.785,
                          32.569
                        ],
                        [
                          -28.965,
                          20.958
                        ],
                        [
                          -8.1,
                          9.449
                        ],
                        [
                          -28.692,
                          20.964
                        ],
                        [
                          -29.744,
                          -19.245
                        ],
                        [
                          -1.68,
                          -31.813
                        ],
                        [
                          -0.775,
                          -14.22
                        ],
                        [
                          -0.75,
                          -31.5
                        ],
                        [
                          27.329,
                          -19.517
                        ],
                        [
                          -0.187,
                          -6.669
                        ],
                        [
                          -0.75,
                          33.75
                        ],
                        [
                          -0.75,
                          -7.5
                        ],
                        [
                          -27,
                          -18.25
                        ]
                      ],
                      "c": false
                    },
                    "ix": 2
                  },
                  "nm": "Path 1",
                  "mn": "ADBE Vector Shape - Group",
                  "hd": false
                },
                {
                  "ty": "tm",
                  "s": {
                    "a": 0,
                    "k": 0,
                    "ix": 1
                  },
                  "e": {
                    "a": 1,
                    "k": [
                      {
                        "i": {
                          "x": [
                            0.667
                          ],
                          "y": [
                            1
                          ]
                        },
                        "o": {
                          "x": [
                            0.333
                          ],
                          "y": [
                            0
                          ]
                        },
                        "t": 0,
                        "s": [
                          0
                        ]
                      },
                      {
                        "t": 50,
                        "s": [
                          100
                        ]
                      }
                    ],
                    "ix": 2
                  },
                  "o": {
                    "a": 0,
                    "k": 0,
                    "ix": 3
                  },
                  "m": 1,
                  "ix": 2,
                  "nm": "Trim Paths 1",
                  "mn": "ADBE Vector Filter - Trim",
                  "hd": false
                },
                {
                  "ty": "st",
                  "c": {
                    "a": 0,
                    "k": [
                      1,
                      0.749019966873,
                      0.039216000426,
                      1
                    ],
                    "ix": 3
                  },
                  "o": {
                    "a": 0,
                    "k": 100,
                    "ix": 4
                  },
                  "w": {
                    "a": 0,
                    "k": 5.5,
                    "ix": 5
                  },
                  "lc": 2,
                  "lj": 2,
                  "bm": 0,
                  "nm": "Stroke 1",
                  "mn": "ADBE Vector Graphic - Stroke",
                  "hd": false
                },
                {
                  "ty": "tr",
                  "p": {
                    "a": 0,
                    "k": [
                      0,
                      0
                    ],
                    "ix": 2
                  },
                  "a": {
                    "a": 0,
                    "k": [
                      0,
                      0
                    ],
                    "ix": 1
                  },
                  "s": {
                    "a": 0,
                    "k": [
                      100,
                      100
                    ],
                    "ix": 3
                  },
                  "r": {
                    "a": 0,
                    "k": 0,
                    "ix": 6
                  },
                  "o": {
                    "a": 0,
                    "k": 100,
                    "ix": 7
                  },
                  "sk": {
                    "a": 0,
                    "k": 0,
                    "ix": 4
                  },
                  "sa": {
                    "a": 0,
                    "k": 0,
                    "ix": 5
                  },
                  "nm": "Transform"
                }
              ],
              "nm": "Shape 1",
              "np": 3,
              "cix": 2,
              "bm": 0,
              "ix": 1,
              "mn": "ADBE Vector Group",
              "hd": false
            }
          ],
          "ip": 0,
          "op": 751,
          "st": 0,
          "ct": 1,
          "bm": 0
        },
        {
          "ddd": 0,
          "ind": 2,
          "ty": 4,
          "nm": "Logo",
          "tt": 1,
          "tp": 1,
          "sr": 1,
          "ks": {
            "o": {
              "a": 1,
              "k": [
                {
                  "i": {
                    "x": [
                      0.833
                    ],
                    "y": [
                      0.833
                    ]
                  },
                  "o": {
                    "x": [
                      0.167
                    ],
                    "y": [
                      0.167
                    ]
                  },
                  "t": 55,
                  "s": [
                    100
                  ]
                },
                {
                  "t": 65,
                  "s": [
                    0
                  ]
                }
              ],
              "ix": 11
            },
            "r": {
              "a": 1,
              "k": [
                {
                  "i": {
                    "x": [
                      0.667
                    ],
                    "y": [
                      1
                    ]
                  },
                  "o": {
                    "x": [
                      0.167
                    ],
                    "y": [
                      0.167
                    ]
                  },
                  "t": 0,
                  "s": [
                    -180
                  ]
                },
                {
                  "t": 50,
                  "s": [
                    0
                  ]
                }
              ],
              "ix": 10
            },
            "p": {
              "a": 0,
              "k": [
                300,
                300,
                0
              ],
              "ix": 2,
              "l": 2
            },
            "a": {
              "a": 0,
              "k": [
                -0.963,
                0.29,
                0
              ],
              "ix": 1,
              "l": 2
            },
            "s": {
              "a": 0,
              "k": [
                820,
                820,
                100
              ],
              "ix": 6,
              "l": 2
            }
          },
          "ao": 0,
          "shapes": [
            {
              "ty": "gr",
              "it": [
                {
                  "ind": 0,
                  "ty": "sh",
                  "ix": 1,
                  "ks": {
                    "a": 0,
                    "k": {
                      "i": [
                        [
                          0,
                          0
                        ],
                        [
                          0,
                          0
                        ],
                        [
                          0,
                          0
                        ],
                        [
                          0,
                          0
                        ],
                        [
                          -1.175,
                          0
                        ],
                        [
                          0,
                          1.174
                        ],
                        [
                          0,
                          0
                        ],
                        [
                          0,
                          0
                        ]
                      ],
                      "o": [
                        [
                          0,
                          0
                        ],
                        [
                          0,
                          0
                        ],
                        [
                          0,
                          0
                        ],
                        [
                          0,
                          1.174
                        ],
                        [
                          1.175,
                          0
                        ],
                        [
                          0,
                          0
                        ],
                        [
                          0,
                          0
                        ],
                        [
                          0,
                          0
                        ]
                      ],
                      "v": [
                        [
                          -0.856,
                          -9.545
                        ],
                        [
                          -23.57,
                          -19.005
                        ],
                        [
                          -2.981,
                          -28.1
                        ],
                        [
                          -2.981,
                          -16.198
                        ],
                        [
                          -0.85,
                          -14.068
                        ],
                        [
                          1.281,
                          -16.198
                        ],
                        [
                          1.281,
                          -28.088
                        ],
                        [
                          21.675,
                          -19.005
                        ]
                      ],
                      "c": true
                    },
                    "ix": 2
                  },
                  "nm": "Path 1",
                  "mn": "ADBE Vector Shape - Group",
                  "hd": false
                },
                {
                  "ind": 1,
                  "ty": "sh",
                  "ix": 2,
                  "ks": {
                    "a": 0,
                    "k": {
                      "i": [
                        [
                          0,
                          0
                        ],
                        [
                          0,
                          0
                        ],
                        [
                          0,
                          0
                        ],
                        [
                          0.542,
                          1.047
                        ],
                        [
                          1.041,
                          -0.542
                        ],
                        [
                          0,
                          0
                        ],
                        [
                          0,
                          0
                        ],
                        [
                          0,
                          0
                        ]
                      ],
                      "o": [
                        [
                          0,
                          0
                        ],
                        [
                          0,
                          0
                        ],
                        [
                          1.041,
                          -0.542
                        ],
                        [
                          -0.542,
                          -1.041
                        ],
                        [
                          0,
                          0
                        ],
                        [
                          0,
                          0
                        ],
                        [
                          0,
                          0
                        ],
                        [
                          0,
                          0
                        ]
                      ],
                      "v": [
                        [
                          -2.981,
                          28.754
                        ],
                        [
                          -23.941,
                          20.024
                        ],
                        [
                          -9.135,
                          12.317
                        ],
                        [
                          -8.228,
                          9.443
                        ],
                        [
                          -11.102,
                          8.536
                        ],
                        [
                          -26.839,
                          16.73
                        ],
                        [
                          -26.839,
                          -15.754
                        ],
                        [
                          -2.981,
                          -5.819
                        ]
                      ],
                      "c": true
                    },
                    "ix": 2
                  },
                  "nm": "Path 2",
                  "mn": "ADBE Vector Shape - Group",
                  "hd": false
                },
                {
                  "ind": 2,
                  "ty": "sh",
                  "ix": 3,
                  "ks": {
                    "a": 0,
                    "k": {
                      "i": [
                        [
                          -0.037,
                          -0.079
                        ],
                        [
                          0.007,
                          0.012
                        ],
                        [
                          0.025,
                          0.073
                        ]
                      ],
                      "o": [
                        [
                          0,
                          0
                        ],
                        [
                          -0.03,
                          -0.067
                        ],
                        [
                          0.031,
                          0.085
                        ]
                      ],
                      "v": [
                        [
                          -30.905,
                          -18.055
                        ],
                        [
                          -30.924,
                          -18.086
                        ],
                        [
                          -31.003,
                          -18.299
                        ]
                      ],
                      "c": true
                    },
                    "ix": 2
                  },
                  "nm": "Path 3",
                  "mn": "ADBE Vector Shape - Group",
                  "hd": false
                },
                {
                  "ind": 3,
                  "ty": "sh",
                  "ix": 4,
                  "ks": {
                    "a": 0,
                    "k": {
                      "i": [
                        [
                          0,
                          0
                        ],
                        [
                          0,
                          0
                        ],
                        [
                          -0.006,
                          0.006
                        ],
                        [
                          -0.024,
                          0.019
                        ],
                        [
                          -0.067,
                          0.042
                        ],
                        [
                          -0.073,
                          0.061
                        ],
                        [
                          0,
                          0
                        ],
                        [
                          -0.067,
                          0.079
                        ],
                        [
                          0,
                          0
                        ],
                        [
                          -0.043,
                          0.061
                        ],
                        [
                          -0.019,
                          0.03
                        ],
                        [
                          -0.036,
                          0.086
                        ],
                        [
                          -0.019,
                          0.067
                        ],
                        [
                          -0.006,
                          0.031
                        ],
                        [
                          -0.007,
                          0.073
                        ],
                        [
                          0.006,
                          0.03
                        ],
                        [
                          -0.006,
                          0.037
                        ],
                        [
                          0,
                          0.055
                        ],
                        [
                          0.018,
                          0.097
                        ],
                        [
                          0.03,
                          0.098
                        ],
                        [
                          0.03,
                          0.073
                        ],
                        [
                          0.024,
                          0.043
                        ],
                        [
                          0.043,
                          0.067
                        ],
                        [
                          0.067,
                          0.073
                        ],
                        [
                          0.079,
                          0.067
                        ],
                        [
                          0.055,
                          0.036
                        ],
                        [
                          0.006,
                          0
                        ],
                        [
                          0,
                          0
                        ],
                        [
                          0.043,
                          0.024
                        ],
                        [
                          0.085,
                          0.036
                        ],
                        [
                          0,
                          0.006
                        ],
                        [
                          0.018,
                          0.006
                        ],
                        [
                          0,
                          0
                        ],
                        [
                          0,
                          0
                        ],
                        [
                          0.031,
                          0.012
                        ],
                        [
                          0.049,
                          0.013
                        ],
                        [
                          0.031,
                          0.006
                        ],
                        [
                          0.085,
                          0.013
                        ],
                        [
                          0.098,
                          0
                        ],
                        [
                          0,
                          0
                        ],
                        [
                          0.06,
                          -0.012
                        ],
                        [
                          0.042,
                          -0.006
                        ],
                        [
                          0.007,
                          0
                        ],
                        [
                          0.061,
                          -0.018
                        ],
                        [
                          0.012,
                          0
                        ],
                        [
                          0.018,
                          -0.006
                        ],
                        [
                          0.018,
                          -0.006
                        ],
                        [
                          0.067,
                          -0.031
                        ],
                        [
                          0,
                          0
                        ],
                        [
                          0,
                          0
                        ],
                        [
                          0.036,
                          -0.018
                        ],
                        [
                          0,
                          0
                        ],
                        [
                          0.067,
                          -0.037
                        ],
                        [
                          0.012,
                          -0.006
                        ],
                        [
                          0.006,
                          0
                        ],
                        [
                          0.061,
                          -0.049
                        ],
                        [
                          0.006,
                          -0.012
                        ],
                        [
                          0.007,
                          -0.006
                        ],
                        [
                          0.012,
                          -0.018
                        ],
                        [
                          0.024,
                          -0.03
                        ],
                        [
                          0.036,
                          -0.042
                        ],
                        [
                          0.018,
                          -0.031
                        ],
                        [
                          0.031,
                          -0.055
                        ],
                        [
                          0,
                          -0.006
                        ],
                        [
                          0.024,
                          -0.06
                        ],
                        [
                          0.012,
                          -0.031
                        ],
                        [
                          0,
                          -0.012
                        ],
                        [
                          0.006,
                          -0.024
                        ],
                        [
                          0.018,
                          -0.091
                        ],
                        [
                          0,
                          -0.019
                        ],
                        [
                          0,
                          -0.012
                        ],
                        [
                          0,
                          0
                        ],
                        [
                          0,
                          -0.019
                        ],
                        [
                          0,
                          -0.012
                        ],
                        [
                          0,
                          -0.018
                        ],
                        [
                          -0.006,
                          -0.019
                        ],
                        [
                          0,
                          -0.073
                        ],
                        [
                          0,
                          0
                        ],
                        [
                          -0.012,
                          -0.067
                        ],
                        [
                          0,
                          0.055
                        ],
                        [
                          0,
                          0
                        ],
                        [
                          -0.006,
                          -0.073
                        ],
                        [
                          -0.012,
                          -0.054
                        ],
                        [
                          0,
                          -0.012
                        ],
                        [
                          0,
                          -0.012
                        ],
                        [
                          0,
                          -0.012
                        ],
                        [
                          0,
                          0
                        ],
                        [
                          -0.006,
                          -0.018
                        ],
                        [
                          -0.012,
                          -0.03
                        ],
                        [
                          -0.024,
                          -0.049
                        ],
                        [
                          -0.013,
                          -0.018
                        ],
                        [
                          -0.012,
                          -0.025
                        ],
                        [
                          -0.019,
                          -0.024
                        ],
                        [
                          -0.006,
                          -0.012
                        ],
                        [
                          -0.042,
                          -0.054
                        ],
                        [
                          -0.031,
                          -0.036
                        ],
                        [
                          -0.008,
                          -0.008
                        ],
                        [
                          -0.036,
                          -0.03
                        ],
                        [
                          -0.013,
                          -0.006
                        ],
                        [
                          -0.006,
                          0
                        ],
                        [
                          -0.018,
                          -0.012
                        ],
                        [
                          -0.006,
                          0
                        ],
                        [
                          -0.012,
                          0
                        ],
                        [
                          -0.008,
                          -0.008
                        ],
                        [
                          -0.012,
                          -0.012
                        ],
                        [
                          -0.025,
                          -0.018
                        ],
                        [
                          -0.006,
                          -0.012
                        ],
                        [
                          -0.006,
                          0
                        ],
                        [
                          0,
                          0
                        ],
                        [
                          -0.006,
                          0
                        ],
                        [
                          0,
                          0
                        ],
                        [
                          -0.004,
                          -0.004
                        ],
                        [
                          -0.036,
                          -0.024
                        ],
                        [
                          -0.006,
                          0
                        ],
                        [
                          -0.006,
                          0
                        ],
                        [
                          -0.073,
                          -0.03
                        ],
                        [
                          0,
                          0
                        ],
                        [
                          -0.013,
                          -0.006
                        ],
                        [
                          -0.006,
                          0
                        ],
                        [
                          0,
                          0
                        ],
                        [
                          -0.006,
                          0
                        ],
                        [
                          -0.008,
                          -0.004
                        ],
                        [
                          -0.067,
                          -0.018
                        ],
                        [
                          -0.006,
                          0
                        ],
                        [
                          0,
                          0
                        ],
                        [
                          -0.006,
                          0
                        ],
                        [
                          -0.025,
                          -0.006
                        ],
                        [
                          -0.008,
                          -0.004
                        ],
                        [
                          0,
                          0
                        ],
                        [
                          -0.049,
                          -0.006
                        ],
                        [
                          -0.012,
                          0
                        ],
                        [
                          0,
                          0
                        ],
                        [
                          -0.012,
                          0
                        ],
                        [
                          0,
                          0
                        ],
                        [
                          -0.025,
                          0
                        ],
                        [
                          -0.079,
                          0
                        ],
                        [
                          -0.079,
                          0.012
                        ],
                        [
                          -0.018,
                          0.006
                        ],
                        [
                          -0.024,
                          0.012
                        ],
                        [
                          -0.042,
                          0.012
                        ],
                        [
                          -0.018,
                          0.006
                        ],
                        [
                          -0.012,
                          0.006
                        ],
                        [
                          -0.018,
                          0.006
                        ],
                        [
                          -0.067,
                          0.025
                        ],
                        [
                          0,
                          0
                        ],
                        [
                          -0.085,
                          0.049
                        ],
                        [
                          -0.024,
                          0.019
                        ],
                        [
                          -0.025,
                          0.024
                        ],
                        [
                          -0.019,
                          0.018
                        ],
                        [
                          -0.036,
                          0.037
                        ],
                        [
                          -0.024,
                          0.025
                        ],
                        [
                          0,
                          0
                        ],
                        [
                          -0.012,
                          0.018
                        ],
                        [
                          0,
                          0.006
                        ],
                        [
                          -0.037,
                          0.055
                        ],
                        [
                          -0.03,
                          0.061
                        ],
                        [
                          0,
                          0
                        ],
                        [
                          -0.006,
                          0.012
                        ],
                        [
                          -0.006,
                          0.012
                        ],
                        [
                          -0.013,
                          0.042
                        ],
                        [
                          -0.006,
                          0.024
                        ],
                        [
                          -0.013,
                          0.037
                        ],
                        [
                          0,
                          0.018
                        ],
                        [
                          -0.012,
                          0.048
                        ],
                        [
                          0,
                          0.006
                        ],
                        [
                          -0.007,
                          0.036
                        ],
                        [
                          0,
                          0
                        ],
                        [
                          0,
                          0.024
                        ],
                        [
                          0,
                          0
                        ],
                        [
                          0,
                          0.061
                        ],
                        [
                          0,
                          0
                        ],
                        [
                          1.175,
                          0
                        ],
                        [
                          0,
                          -1.175
                        ],
                        [
                          0,
                          0
                        ],
                        [
                          0,
                          0
                        ],
                        [
                          0.542,
                          -1.041
                        ],
                        [
                          -1.047,
                          -0.542
                        ],
                        [
                          0,
                          0
                        ],
                        [
                          0,
                          0
                        ],
                        [
                          0,
                          0
                        ],
                        [
                          0,
                          0
                        ]
                      ],
                      "o": [
                        [
                          0,
                          0
                        ],
                        [
                          0.007,
                          -0.006
                        ],
                        [
                          0.03,
                          -0.006
                        ],
                        [
                          0.073,
                          -0.03
                        ],
                        [
                          0.079,
                          -0.049
                        ],
                        [
                          0,
                          0
                        ],
                        [
                          0.074,
                          -0.067
                        ],
                        [
                          0,
                          0
                        ],
                        [
                          0.049,
                          -0.061
                        ],
                        [
                          0.024,
                          -0.03
                        ],
                        [
                          0.048,
                          -0.073
                        ],
                        [
                          0.031,
                          -0.067
                        ],
                        [
                          0.012,
                          -0.03
                        ],
                        [
                          0.024,
                          -0.067
                        ],
                        [
                          0.012,
                          -0.03
                        ],
                        [
                          0.006,
                          -0.037
                        ],
                        [
                          0.006,
                          -0.049
                        ],
                        [
                          0,
                          -0.104
                        ],
                        [
                          -0.012,
                          -0.098
                        ],
                        [
                          -0.024,
                          -0.073
                        ],
                        [
                          -0.019,
                          -0.043
                        ],
                        [
                          -0.031,
                          -0.073
                        ],
                        [
                          -0.055,
                          -0.085
                        ],
                        [
                          -0.067,
                          -0.079
                        ],
                        [
                          -0.049,
                          -0.043
                        ],
                        [
                          -0.006,
                          -0.006
                        ],
                        [
                          0,
                          0
                        ],
                        [
                          -0.043,
                          -0.031
                        ],
                        [
                          -0.073,
                          -0.049
                        ],
                        [
                          0,
                          0
                        ],
                        [
                          -0.019,
                          -0.006
                        ],
                        [
                          0,
                          0
                        ],
                        [
                          0,
                          0
                        ],
                        [
                          -0.031,
                          -0.012
                        ],
                        [
                          -0.048,
                          -0.018
                        ],
                        [
                          -0.018,
                          -0.006
                        ],
                        [
                          -0.085,
                          -0.024
                        ],
                        [
                          -0.098,
                          -0.018
                        ],
                        [
                          0,
                          0
                        ],
                        [
                          -0.061,
                          0
                        ],
                        [
                          -0.043,
                          0
                        ],
                        [
                          -0.012,
                          0
                        ],
                        [
                          -0.066,
                          0.006
                        ],
                        [
                          -0.012,
                          0
                        ],
                        [
                          -0.018,
                          0
                        ],
                        [
                          -0.019,
                          0.006
                        ],
                        [
                          -0.073,
                          0.025
                        ],
                        [
                          0,
                          0
                        ],
                        [
                          0,
                          0
                        ],
                        [
                          -0.036,
                          0.019
                        ],
                        [
                          0,
                          0
                        ],
                        [
                          -0.073,
                          0.03
                        ],
                        [
                          -0.019,
                          0.012
                        ],
                        [
                          -0.006,
                          0.006
                        ],
                        [
                          -0.067,
                          0.043
                        ],
                        [
                          -0.012,
                          0.006
                        ],
                        [
                          -0.006,
                          0
                        ],
                        [
                          -0.018,
                          0.018
                        ],
                        [
                          -0.031,
                          0.025
                        ],
                        [
                          -0.037,
                          0.037
                        ],
                        [
                          -0.024,
                          0.031
                        ],
                        [
                          -0.037,
                          0.048
                        ],
                        [
                          -0.006,
                          0.006
                        ],
                        [
                          -0.036,
                          0.055
                        ],
                        [
                          -0.018,
                          0.031
                        ],
                        [
                          0,
                          0
                        ],
                        [
                          -0.012,
                          0.024
                        ],
                        [
                          -0.031,
                          0.085
                        ],
                        [
                          -0.006,
                          0.012
                        ],
                        [
                          0,
                          0.006
                        ],
                        [
                          0,
                          0
                        ],
                        [
                          0,
                          0
                        ],
                        [
                          -0.006,
                          0.006
                        ],
                        [
                          -0.006,
                          0.018
                        ],
                        [
                          -0.006,
                          0.018
                        ],
                        [
                          -0.006,
                          0.073
                        ],
                        [
                          0,
                          0
                        ],
                        [
                          0,
                          0.073
                        ],
                        [
                          -0.012,
                          -0.055
                        ],
                        [
                          0,
                          0
                        ],
                        [
                          0,
                          0.073
                        ],
                        [
                          0.006,
                          0.055
                        ],
                        [
                          0,
                          0
                        ],
                        [
                          0,
                          0.012
                        ],
                        [
                          0.006,
                          0.012
                        ],
                        [
                          0,
                          0
                        ],
                        [
                          0,
                          0
                        ],
                        [
                          0,
                          0.037
                        ],
                        [
                          0.012,
                          0.055
                        ],
                        [
                          0.006,
                          0.018
                        ],
                        [
                          0,
                          0.025
                        ],
                        [
                          0.006,
                          0.018
                        ],
                        [
                          0.006,
                          0.013
                        ],
                        [
                          0.03,
                          0.061
                        ],
                        [
                          0.031,
                          0.043
                        ],
                        [
                          0,
                          0
                        ],
                        [
                          0.03,
                          0.037
                        ],
                        [
                          0.012,
                          0.012
                        ],
                        [
                          0.006,
                          0.007
                        ],
                        [
                          0.012,
                          0.018
                        ],
                        [
                          0.007,
                          0
                        ],
                        [
                          0.012,
                          0.019
                        ],
                        [
                          0,
                          0
                        ],
                        [
                          0,
                          0
                        ],
                        [
                          0.018,
                          0.019
                        ],
                        [
                          0.006,
                          0
                        ],
                        [
                          0,
                          0.007
                        ],
                        [
                          0,
                          0
                        ],
                        [
                          0,
                          0
                        ],
                        [
                          0,
                          0
                        ],
                        [
                          0,
                          0
                        ],
                        [
                          0.036,
                          0.03
                        ],
                        [
                          0.007,
                          0.006
                        ],
                        [
                          0.006,
                          0.006
                        ],
                        [
                          0.067,
                          0.042
                        ],
                        [
                          0,
                          0
                        ],
                        [
                          0,
                          0
                        ],
                        [
                          0.006,
                          0
                        ],
                        [
                          0,
                          0
                        ],
                        [
                          0,
                          0
                        ],
                        [
                          0,
                          0
                        ],
                        [
                          0.067,
                          0.03
                        ],
                        [
                          0.006,
                          0.006
                        ],
                        [
                          0.007,
                          0
                        ],
                        [
                          0,
                          0
                        ],
                        [
                          0.03,
                          0.012
                        ],
                        [
                          0,
                          0
                        ],
                        [
                          0,
                          0
                        ],
                        [
                          0.049,
                          0.019
                        ],
                        [
                          0.018,
                          0.006
                        ],
                        [
                          0,
                          0
                        ],
                        [
                          0,
                          0
                        ],
                        [
                          0,
                          0
                        ],
                        [
                          0,
                          0
                        ],
                        [
                          0.079,
                          0.012
                        ],
                        [
                          0.079,
                          0
                        ],
                        [
                          0.019,
                          0
                        ],
                        [
                          0.025,
                          0
                        ],
                        [
                          0.043,
                          -0.006
                        ],
                        [
                          0.012,
                          0
                        ],
                        [
                          0.006,
                          0
                        ],
                        [
                          0.025,
                          -0.006
                        ],
                        [
                          0.067,
                          -0.018
                        ],
                        [
                          0,
                          0
                        ],
                        [
                          0.092,
                          -0.036
                        ],
                        [
                          0.03,
                          -0.018
                        ],
                        [
                          0.031,
                          -0.018
                        ],
                        [
                          0.024,
                          -0.013
                        ],
                        [
                          0.048,
                          -0.037
                        ],
                        [
                          0.025,
                          -0.018
                        ],
                        [
                          0,
                          0
                        ],
                        [
                          0,
                          0
                        ],
                        [
                          0.012,
                          -0.006
                        ],
                        [
                          0.043,
                          -0.048
                        ],
                        [
                          0.042,
                          -0.055
                        ],
                        [
                          0,
                          0
                        ],
                        [
                          0,
                          0
                        ],
                        [
                          0,
                          -0.012
                        ],
                        [
                          0.018,
                          -0.037
                        ],
                        [
                          0.018,
                          -0.024
                        ],
                        [
                          0.012,
                          -0.031
                        ],
                        [
                          0.006,
                          -0.012
                        ],
                        [
                          0.018,
                          -0.049
                        ],
                        [
                          0,
                          -0.006
                        ],
                        [
                          0.006,
                          -0.042
                        ],
                        [
                          0,
                          0
                        ],
                        [
                          0,
                          0
                        ],
                        [
                          0,
                          0
                        ],
                        [
                          0.012,
                          -0.061
                        ],
                        [
                          0,
                          0
                        ],
                        [
                          0,
                          -1.175
                        ],
                        [
                          -1.175,
                          0
                        ],
                        [
                          0,
                          0
                        ],
                        [
                          0,
                          0
                        ],
                        [
                          -1.048,
                          -0.542
                        ],
                        [
                          -0.542,
                          1.047
                        ],
                        [
                          0,
                          0
                        ],
                        [
                          0,
                          0
                        ],
                        [
                          0,
                          0
                        ],
                        [
                          0,
                          0
                        ],
                        [
                          0,
                          0
                        ]
                      ],
                      "v": [
                        [
                          27.872,
                          -16.984
                        ],
                        [
                          27.884,
                          -16.99
                        ],
                        [
                          27.903,
                          -17.002
                        ],
                        [
                          27.982,
                          -17.039
                        ],
                        [
                          28.189,
                          -17.154
                        ],
                        [
                          28.42,
                          -17.319
                        ],
                        [
                          28.438,
                          -17.337
                        ],
                        [
                          28.652,
                          -17.55
                        ],
                        [
                          28.67,
                          -17.568
                        ],
                        [
                          28.804,
                          -17.751
                        ],
                        [
                          28.865,
                          -17.848
                        ],
                        [
                          28.992,
                          -18.086
                        ],
                        [
                          29.066,
                          -18.287
                        ],
                        [
                          29.09,
                          -18.378
                        ],
                        [
                          29.139,
                          -18.585
                        ],
                        [
                          29.151,
                          -18.676
                        ],
                        [
                          29.169,
                          -18.792
                        ],
                        [
                          29.175,
                          -18.944
                        ],
                        [
                          29.151,
                          -19.248
                        ],
                        [
                          29.09,
                          -19.547
                        ],
                        [
                          29.011,
                          -19.772
                        ],
                        [
                          28.95,
                          -19.894
                        ],
                        [
                          28.84,
                          -20.095
                        ],
                        [
                          28.658,
                          -20.338
                        ],
                        [
                          28.445,
                          -20.557
                        ],
                        [
                          28.286,
                          -20.679
                        ],
                        [
                          28.268,
                          -20.691
                        ],
                        [
                          28.262,
                          -20.691
                        ],
                        [
                          28.146,
                          -20.77
                        ],
                        [
                          27.909,
                          -20.898
                        ],
                        [
                          27.903,
                          -20.904
                        ],
                        [
                          27.848,
                          -20.923
                        ],
                        [
                          0.021,
                          -33.317
                        ],
                        [
                          0.033,
                          -33.305
                        ],
                        [
                          -0.065,
                          -33.348
                        ],
                        [
                          -0.217,
                          -33.403
                        ],
                        [
                          -0.29,
                          -33.421
                        ],
                        [
                          -0.545,
                          -33.476
                        ],
                        [
                          -0.844,
                          -33.5
                        ],
                        [
                          -0.85,
                          -33.5
                        ],
                        [
                          -1.026,
                          -33.488
                        ],
                        [
                          -1.148,
                          -33.476
                        ],
                        [
                          -1.173,
                          -33.476
                        ],
                        [
                          -1.361,
                          -33.439
                        ],
                        [
                          -1.392,
                          -33.433
                        ],
                        [
                          -1.44,
                          -33.421
                        ],
                        [
                          -1.495,
                          -33.403
                        ],
                        [
                          -1.708,
                          -33.323
                        ],
                        [
                          -1.763,
                          -33.299
                        ],
                        [
                          -29.761,
                          -20.929
                        ],
                        [
                          -29.864,
                          -20.88
                        ],
                        [
                          -29.87,
                          -20.88
                        ],
                        [
                          -30.077,
                          -20.77
                        ],
                        [
                          -30.12,
                          -20.746
                        ],
                        [
                          -30.138,
                          -20.734
                        ],
                        [
                          -30.327,
                          -20.594
                        ],
                        [
                          -30.351,
                          -20.57
                        ],
                        [
                          -30.37,
                          -20.557
                        ],
                        [
                          -30.418,
                          -20.509
                        ],
                        [
                          -30.503,
                          -20.43
                        ],
                        [
                          -30.613,
                          -20.308
                        ],
                        [
                          -30.68,
                          -20.216
                        ],
                        [
                          -30.784,
                          -20.064
                        ],
                        [
                          -30.796,
                          -20.052
                        ],
                        [
                          -30.887,
                          -19.876
                        ],
                        [
                          -30.936,
                          -19.778
                        ],
                        [
                          -30.942,
                          -19.766
                        ],
                        [
                          -30.966,
                          -19.693
                        ],
                        [
                          -31.045,
                          -19.425
                        ],
                        [
                          -31.057,
                          -19.382
                        ],
                        [
                          -31.057,
                          -19.358
                        ],
                        [
                          -31.064,
                          -19.358
                        ],
                        [
                          -31.07,
                          -19.309
                        ],
                        [
                          -31.076,
                          -19.279
                        ],
                        [
                          -31.082,
                          -19.224
                        ],
                        [
                          -31.088,
                          -19.169
                        ],
                        [
                          -31.1,
                          -18.95
                        ],
                        [
                          -31.1,
                          -18.877
                        ],
                        [
                          -31.082,
                          -18.67
                        ],
                        [
                          -31.1,
                          -18.835
                        ],
                        [
                          -31.1,
                          20.237
                        ],
                        [
                          -31.088,
                          20.456
                        ],
                        [
                          -31.064,
                          20.62
                        ],
                        [
                          -31.064,
                          20.669
                        ],
                        [
                          -31.057,
                          20.706
                        ],
                        [
                          -31.051,
                          20.736
                        ],
                        [
                          -31.045,
                          20.736
                        ],
                        [
                          -31.033,
                          20.797
                        ],
                        [
                          -31.003,
                          20.894
                        ],
                        [
                          -30.948,
                          21.047
                        ],
                        [
                          -30.917,
                          21.107
                        ],
                        [
                          -30.887,
                          21.181
                        ],
                        [
                          -30.85,
                          21.247
                        ],
                        [
                          -30.832,
                          21.278
                        ],
                        [
                          -30.729,
                          21.448
                        ],
                        [
                          -30.637,
                          21.576
                        ],
                        [
                          -30.625,
                          21.588
                        ],
                        [
                          -30.528,
                          21.698
                        ],
                        [
                          -30.497,
                          21.728
                        ],
                        [
                          -30.485,
                          21.741
                        ],
                        [
                          -30.437,
                          21.789
                        ],
                        [
                          -30.424,
                          21.795
                        ],
                        [
                          -30.394,
                          21.826
                        ],
                        [
                          -30.382,
                          21.838
                        ],
                        [
                          -30.345,
                          21.868
                        ],
                        [
                          -30.278,
                          21.923
                        ],
                        [
                          -30.26,
                          21.935
                        ],
                        [
                          -30.248,
                          21.942
                        ],
                        [
                          -30.236,
                          21.954
                        ],
                        [
                          -30.217,
                          21.966
                        ],
                        [
                          -30.211,
                          21.972
                        ],
                        [
                          -30.205,
                          21.978
                        ],
                        [
                          -30.09,
                          22.057
                        ],
                        [
                          -30.071,
                          22.069
                        ],
                        [
                          -30.047,
                          22.082
                        ],
                        [
                          -29.84,
                          22.185
                        ],
                        [
                          -29.834,
                          22.185
                        ],
                        [
                          -29.809,
                          22.203
                        ],
                        [
                          -29.797,
                          22.209
                        ],
                        [
                          -1.763,
                          33.874
                        ],
                        [
                          -1.751,
                          33.88
                        ],
                        [
                          -1.739,
                          33.886
                        ],
                        [
                          -1.538,
                          33.965
                        ],
                        [
                          -1.52,
                          33.971
                        ],
                        [
                          -1.513,
                          33.977
                        ],
                        [
                          -1.507,
                          33.971
                        ],
                        [
                          -1.428,
                          33.995
                        ],
                        [
                          -1.416,
                          34.001
                        ],
                        [
                          -1.41,
                          34.001
                        ],
                        [
                          -1.264,
                          34.038
                        ],
                        [
                          -1.215,
                          34.044
                        ],
                        [
                          -1.209,
                          34.044
                        ],
                        [
                          -1.179,
                          34.056
                        ],
                        [
                          -1.166,
                          34.056
                        ],
                        [
                          -1.093,
                          34.062
                        ],
                        [
                          -0.856,
                          34.081
                        ],
                        [
                          -0.625,
                          34.062
                        ],
                        [
                          -0.57,
                          34.056
                        ],
                        [
                          -0.491,
                          34.044
                        ],
                        [
                          -0.363,
                          34.02
                        ],
                        [
                          -0.314,
                          34.008
                        ],
                        [
                          -0.29,
                          34.001
                        ],
                        [
                          -0.223,
                          33.983
                        ],
                        [
                          -0.028,
                          33.916
                        ],
                        [
                          27.866,
                          22.203
                        ],
                        [
                          28.128,
                          22.069
                        ],
                        [
                          28.219,
                          22.008
                        ],
                        [
                          28.305,
                          21.948
                        ],
                        [
                          28.372,
                          21.899
                        ],
                        [
                          28.493,
                          21.789
                        ],
                        [
                          28.566,
                          21.722
                        ],
                        [
                          28.621,
                          21.668
                        ],
                        [
                          28.67,
                          21.607
                        ],
                        [
                          28.688,
                          21.588
                        ],
                        [
                          28.804,
                          21.43
                        ],
                        [
                          28.907,
                          21.26
                        ],
                        [
                          28.913,
                          21.26
                        ],
                        [
                          28.932,
                          21.211
                        ],
                        [
                          28.95,
                          21.181
                        ],
                        [
                          28.999,
                          21.065
                        ],
                        [
                          29.029,
                          20.992
                        ],
                        [
                          29.066,
                          20.888
                        ],
                        [
                          29.078,
                          20.846
                        ],
                        [
                          29.12,
                          20.706
                        ],
                        [
                          29.12,
                          20.681
                        ],
                        [
                          29.139,
                          20.56
                        ],
                        [
                          29.139,
                          20.535
                        ],
                        [
                          29.151,
                          20.456
                        ],
                        [
                          29.151,
                          20.42
                        ],
                        [
                          29.163,
                          20.243
                        ],
                        [
                          29.163,
                          -11.194
                        ],
                        [
                          27.032,
                          -13.325
                        ],
                        [
                          24.901,
                          -11.194
                        ],
                        [
                          24.901,
                          16.73
                        ],
                        [
                          9.165,
                          8.536
                        ],
                        [
                          6.291,
                          9.443
                        ],
                        [
                          7.198,
                          12.317
                        ],
                        [
                          22.022,
                          20.036
                        ],
                        [
                          1.269,
                          28.742
                        ],
                        [
                          1.269,
                          -5.825
                        ],
                        [
                          27.86,
                          -16.984
                        ]
                      ],
                      "c": true
                    },
                    "ix": 2
                  },
                  "nm": "Path 4",
                  "mn": "ADBE Vector Shape - Group",
                  "hd": false
                },
                {
                  "ty": "fl",
                  "c": {
                    "a": 0,
                    "k": [
                      0.250980407,
                      0.243137255311,
                      0.623529434204,
                      1
                    ],
                    "ix": 4
                  },
                  "o": {
                    "a": 0,
                    "k": 100,
                    "ix": 5
                  },
                  "r": 1,
                  "bm": 0,
                  "nm": "Fill 1",
                  "mn": "ADBE Vector Graphic - Fill",
                  "hd": false
                },
                {
                  "ty": "tr",
                  "p": {
                    "a": 0,
                    "k": [
                      0,
                      0
                    ],
                    "ix": 2
                  },
                  "a": {
                    "a": 0,
                    "k": [
                      0,
                      0
                    ],
                    "ix": 1
                  },
                  "s": {
                    "a": 0,
                    "k": [
                      100,
                      100
                    ],
                    "ix": 3
                  },
                  "r": {
                    "a": 0,
                    "k": 0,
                    "ix": 6
                  },
                  "o": {
                    "a": 0,
                    "k": 100,
                    "ix": 7
                  },
                  "sk": {
                    "a": 0,
                    "k": 0,
                    "ix": 4
                  },
                  "sa": {
                    "a": 0,
                    "k": 0,
                    "ix": 5
                  },
                  "nm": "Transform"
                }
              ],
              "nm": "Group 1",
              "np": 5,
              "cix": 2,
              "bm": 0,
              "ix": 1,
              "mn": "ADBE Vector Group",
              "hd": false
            }
          ],
          "ip": 0,
          "op": 751,
          "st": 0,
          "ct": 1,
          "bm": 0
        }
      ]
    }
  ],
  "layers": [
    {
      "ddd": 0,
      "ind": 1,
      "ty": 0,
      "nm": "BoxPay Logo-Hires",
      "refId": "comp_0",
      "sr": 1,
      "ks": {
        "o": {
          "a": 0,
          "k": 100,
          "ix": 11
        },
        "r": {
          "a": 0,
          "k": 0,
          "ix": 10
        },
        "p": {
          "a": 0,
          "k": [
            30,
            30,
            0
          ],
          "ix": 2,
          "l": 2
        },
        "a": {
          "a": 0,
          "k": [
            300,
            300,
            0
          ],
          "ix": 1,
          "l": 2
        },
        "s": {
          "a": 0,
          "k": [
            10,
            10,
            100
          ],
          "ix": 6,
          "l": 2
        }
      },
      "ao": 0,
      "w": 600,
      "h": 600,
      "ip": 0,
      "op": 751,
      "st": 0,
      "bm": 0
    }
  ],
  "markers": []
}