{
  "v": "5.0.1",
  "fr": 29.9700012207031,
  "ip": 0,
  "op": 45.0000018328876,
  "w": 512,
  "h": 512,
  "nm": "Comp 1",
  "ddd": 0,
  "assets": [
    {
      "id": "comp_0",
      "layers": [
        {
          "ddd": 0,
          "ind": 1,
          "ty": 4,
          "nm": "Shape Layer 1",
          "sr": 1,
          "ks": {
            "o": {
              "a": 1,
              "k": [
                {
                  "i": {
                    "x": [
                      0.572
                    ],
                    "y": [
                      0.556
                    ]
                  },
                  "o": {
                    "x": [
                      0.167
                    ],
                    "y": [
                      0.167
                    ]
                  },
                  "n": [
                    "0p572_0p556_0p167_0p167"
                  ],
                  "t": 7,
                  "s": [
                    100
                  ],
                  "e": [
                    92.154
                  ]
                },
                {
                  "i": {
                    "x": [
                      0.833
                    ],
                    "y": [
                      0.833
                    ]
                  },
                  "o": {
                    "x": [
                      0.641
                    ],
                    "y": [
                      0.056
                    ]
                  },
                  "n": [
                    "0p833_0p833_0p641_0p056"
                  ],
                  "t": 13,
                  "s": [
                    92.154
                  ],
                  "e": [
                    30
                  ]
                },
                {
                  "t": 17.0000006924242
                }
              ],
              "ix": 11
            },
            "r": {
              "a": 0,
              "k": 0,
              "ix": 10
            },
            "p": {
              "a": 0,
              "k": [
                256,
                256,
                0
              ],
              "ix": 2
            },
            "a": {
              "a": 0,
              "k": [
                0,
                0,
                0
              ],
              "ix": 1
            },
            "s": {
              "a": 0,
              "k": [
                100,
                100,
                100
              ],
              "ix": 6
            }
          },
          "ao": 0,
          "shapes": [
            {
              "ty": "gr",
              "it": [
                {
                  "ind": 0,
                  "ty": "sh",
                  "ix": 1,
                  "ks": {
                    "a": 0,
                    "k": {
                      "i": [
                        [
                          0,
                          0
                        ],
                        [
                          0,
                          0
                        ]
                      ],
                      "o": [
                        [
                          0,
                          0
                        ],
                        [
                          0,
                          0
                        ]
                      ],
                      "v": [
                        [
                          -230,
                          4
                        ],
                        [
                          214,
                          4
                        ]
                      ],
                      "c": false
                    },
                    "ix": 2
                  },
                  "nm": "Path 1",
                  "mn": "ADBE Vector Shape - Group",
                  "hd": false
                },
                {
                  "ty": "st",
                  "c": {
                    "a": 0,
                    "k": [
                      0.23137254902,
                      0.741176470588,
                      0.36862745098,
                      1
                    ],
                    "ix": 3
                  },
                  "o": {
                    "a": 0,
                    "k": 100,
                    "ix": 4
                  },
                  "w": {
                    "a": 0,
                    "k": 70,
                    "ix": 5
                  },
                  "lc": 2,
                  "lj": 1,
                  "ml": 4,
                  "nm": "Stroke 1",
                  "mn": "ADBE Vector Graphic - Stroke",
                  "hd": false
                },
                {
                  "ty": "tr",
                  "p": {
                    "a": 0,
                    "k": [
                      0,
                      0
                    ],
                    "ix": 2
                  },
                  "a": {
                    "a": 0,
                    "k": [
                      0,
                      0
                    ],
                    "ix": 1
                  },
                  "s": {
                    "a": 0,
                    "k": [
                      100,
                      100
                    ],
                    "ix": 3
                  },
                  "r": {
                    "a": 0,
                    "k": 0,
                    "ix": 6
                  },
                  "o": {
                    "a": 0,
                    "k": 100,
                    "ix": 7
                  },
                  "sk": {
                    "a": 0,
                    "k": 0,
                    "ix": 4
                  },
                  "sa": {
                    "a": 0,
                    "k": 0,
                    "ix": 5
                  },
                  "nm": "Transform"
                }
              ],
              "nm": "Shape 1",
              "np": 2,
              "cix": 2,
              "ix": 1,
              "mn": "ADBE Vector Group",
              "hd": false
            },
            {
              "ty": "tm",
              "s": {
                "a": 1,
                "k": [
                  {
                    "i": {
                      "x": [
                        0.588
                      ],
                      "y": [
                        -51709.363
                      ]
                    },
                    "o": {
                      "x": [
                        0.167
                      ],
                      "y": [
                        0.167
                      ]
                    },
                    "n": [
                      "0p588_-51709p363_0p167_0p167"
                    ],
                    "t": 7,
                    "s": [
                      0
                    ],
                    "e": [
                      0
                    ]
                  },
                  {
                    "i": {
                      "x": [
                        0.696
                      ],
                      "y": [
                        0.999
                      ]
                    },
                    "o": {
                      "x": [
                        0.509
                      ],
                      "y": [
                        0.003
                      ]
                    },
                    "n": [
                      "0p696_0p999_0p509_0p003"
                    ],
                    "t": 10,
                    "s": [
                      0
                    ],
                    "e": [
                      100
                    ]
                  },
                  {
                    "t": 16.0000006516934
                  }
                ],
                "ix": 1
              },
              "e": {
                "a": 1,
                "k": [
                  {
                    "i": {
                      "x": [
                        0.566
                      ],
                      "y": [
                        0.999
                      ]
                    },
                    "o": {
                      "x": [
                        0.457
                      ],
                      "y": [
                        0.063
                      ]
                    },
                    "n": [
                      "0p566_0p999_0p457_0p063"
                    ],
                    "t": 7,
                    "s": [
                      0
                    ],
                    "e": [
                      100
                    ]
                  },
                  {
                    "t": 16.0000006516934
                  }
                ],
                "ix": 2
              },
              "o": {
                "a": 0,
                "k": 0,
                "ix": 3
              },
              "m": 1,
              "ix": 2,
              "nm": "Trim Paths 1",
              "mn": "ADBE Vector Filter - Trim",
              "hd": false
            }
          ],
          "ip": 0,
          "op": 150.000006109625,
          "st": 0,
          "bm": 0
        }
      ]
    },
    {
      "id": "comp_1",
      "layers": [
        {
          "ddd": 0,
          "ind": 1,
          "ty": 4,
          "nm": "Shape Layer 1",
          "sr": 1,
          "ks": {
            "o": {
              "a": 0,
              "k": 100,
              "ix": 11
            },
            "r": {
              "a": 0,
              "k": 0,
              "ix": 10
            },
            "p": {
              "a": 0,
              "k": [
                256,
                256,
                0
              ],
              "ix": 2
            },
            "a": {
              "a": 0,
              "k": [
                0,
                0,
                0
              ],
              "ix": 1
            },
            "s": {
              "a": 0,
              "k": [
                100,
                100,
                100
              ],
              "ix": 6
            }
          },
          "ao": 0,
          "shapes": [
            {
              "ty": "gr",
              "it": [
                {
                  "d": 1,
                  "ty": "el",
                  "s": {
                    "a": 1,
                    "k": [
                      {
                        "i": {
                          "x": [
                            0,
                            0
                          ],
                          "y": [
                            0.997,
                            0.997
                          ]
                        },
                        "o": {
                          "x": [
                            0.167,
                            0.167
                          ],
                          "y": [
                            0.167,
                            0.167
                          ]
                        },
                        "n": [
                          "0_0p997_0p167_0p167",
                          "0_0p997_0p167_0p167"
                        ],
                        "t": 24,
                        "s": [
                          40,
                          40
                        ],
                        "e": [
                          90,
                          90
                        ]
                      },
                      {
                        "i": {
                          "x": [
                            0.833,
                            0.833
                          ],
                          "y": [
                            0.833,
                            0.833
                          ]
                        },
                        "o": {
                          "x": [
                            0.574,
                            0.574
                          ],
                          "y": [
                            -0.004,
                            -0.004
                          ]
                        },
                        "n": [
                          "0p833_0p833_0p574_-0p004",
                          "0p833_0p833_0p574_-0p004"
                        ],
                        "t": 27,
                        "s": [
                          90,
                          90
                        ],
                        "e": [
                          18.394,
                          18.394
                        ]
                      },
                      {
                        "t": 38.0000015477717
                      }
                    ],
                    "ix": 2
                  },
                  "p": {
                    "a": 0,
                    "k": [
                      0,
                      0
                    ],
                    "ix": 3
                  },
                  "nm": "Ellipse Path 1",
                  "mn": "ADBE Vector Shape - Ellipse",
                  "hd": false
                },
                {
                  "ty": "fl",
                  "c": {
                    "a": 0,
                    "k": [
                      1,
                      1,
                      1,
                      1
                    ],
                    "ix": 4
                  },
                  "o": {
                    "a": 0,
                    "k": 100,
                    "ix": 5
                  },
                  "r": 1,
                  "nm": "Fill 1",
                  "mn": "ADBE Vector Graphic - Fill",
                  "hd": false
                },
                {
                  "ty": "tr",
                  "p": {
                    "a": 1,
                    "k": [
                      {
                        "i": {
                          "x": 0.667,
                          "y": 1
                        },
                        "o": {
                          "x": 0.167,
                          "y": 0.167
                        },
                        "n": "0p667_1_0p167_0p167",
                        "t": 24,
                        "s": [
                          -181.074,
                          -5.414
                        ],
                        "e": [
                          200,
                          -5.414
                        ],
                        "to": [
                          34.0465698242188,
                          0
                        ],
                        "ti": [
                          -26.72825050354,
                          0
                        ]
                      },
                      {
                        "t": 38.0000015477717
                      }
                    ],
                    "ix": 2
                  },
                  "a": {
                    "a": 0,
                    "k": [
                      0,
                      0
                    ],
                    "ix": 1
                  },
                  "s": {
                    "a": 0,
                    "k": [
                      100,
                      100
                    ],
                    "ix": 3
                  },
                  "r": {
                    "a": 0,
                    "k": 0,
                    "ix": 6
                  },
                  "o": {
                    "a": 1,
                    "k": [
                      {
                        "i": {
                          "x": [
                            0.833
                          ],
                          "y": [
                            0.833
                          ]
                        },
                        "o": {
                          "x": [
                            0.167
                          ],
                          "y": [
                            0.167
                          ]
                        },
                        "n": [
                          "0p833_0p833_0p167_0p167"
                        ],
                        "t": 24,
                        "s": [
                          0
                        ],
                        "e": [
                          100
                        ]
                      },
                      {
                        "i": {
                          "x": [
                            0.833
                          ],
                          "y": [
                            0.833
                          ]
                        },
                        "o": {
                          "x": [
                            0.167
                          ],
                          "y": [
                            0.167
                          ]
                        },
                        "n": [
                          "0p833_0p833_0p167_0p167"
                        ],
                        "t": 25,
                        "s": [
                          100
                        ],
                        "e": [
                          100
                        ]
                      },
                      {
                        "i": {
                          "x": [
                            0.833
                          ],
                          "y": [
                            0.833
                          ]
                        },
                        "o": {
                          "x": [
                            0.167
                          ],
                          "y": [
                            0.167
                          ]
                        },
                        "n": [
                          "0p833_0p833_0p167_0p167"
                        ],
                        "t": 29,
                        "s": [
                          100
                        ],
                        "e": [
                          0
                        ]
                      },
                      {
                        "t": 38.0000015477717
                      }
                    ],
                    "ix": 7
                  },
                  "sk": {
                    "a": 0,
                    "k": 0,
                    "ix": 4
                  },
                  "sa": {
                    "a": 0,
                    "k": 0,
                    "ix": 5
                  },
                  "nm": "Transform"
                }
              ],
              "nm": "Ellipse 1",
              "np": 2,
              "cix": 2,
              "ix": 1,
              "mn": "ADBE Vector Group",
              "hd": false
            }
          ],
          "ip": 0,
          "op": 150.000006109625,
          "st": 0,
          "bm": 0
        }
      ]
    },
    {
      "id": "comp_2",
      "layers": [
        {
          "ddd": 0,
          "ind": 1,
          "ty": 4,
          "nm": "Shape Layer 1",
          "sr": 1,
          "ks": {
            "o": {
              "a": 1,
              "k": [
                {
                  "i": {
                    "x": [
                      0.572
                    ],
                    "y": [
                      0.556
                    ]
                  },
                  "o": {
                    "x": [
                      0.167
                    ],
                    "y": [
                      0.167
                    ]
                  },
                  "n": [
                    "0p572_0p556_0p167_0p167"
                  ],
                  "t": 10,
                  "s": [
                    100
                  ],
                  "e": [
                    92.154
                  ]
                },
                {
                  "i": {
                    "x": [
                      0.833
                    ],
                    "y": [
                      0.833
                    ]
                  },
                  "o": {
                    "x": [
                      0.641
                    ],
                    "y": [
                      0.056
                    ]
                  },
                  "n": [
                    "0p833_0p833_0p641_0p056"
                  ],
                  "t": 16,
                  "s": [
                    92.154
                  ],
                  "e": [
                    30
                  ]
                },
                {
                  "t": 20.0000008146167
                }
              ],
              "ix": 11
            },
            "r": {
              "a": 0,
              "k": 0,
              "ix": 10
            },
            "p": {
              "a": 0,
              "k": [
                256,
                256,
                0
              ],
              "ix": 2
            },
            "a": {
              "a": 0,
              "k": [
                0,
                0,
                0
              ],
              "ix": 1
            },
            "s": {
              "a": 0,
              "k": [
                100,
                100,
                100
              ],
              "ix": 6
            }
          },
          "ao": 0,
          "shapes": [
            {
              "ty": "gr",
              "it": [
                {
                  "ind": 0,
                  "ty": "sh",
                  "ix": 1,
                  "ks": {
                    "a": 0,
                    "k": {
                      "i": [
                        [
                          0,
                          0
                        ],
                        [
                          0,
                          0
                        ]
                      ],
                      "o": [
                        [
                          0,
                          0
                        ],
                        [
                          0,
                          0
                        ]
                      ],
                      "v": [
                        [
                          -230,
                          4
                        ],
                        [
                          214,
                          4
                        ]
                      ],
                      "c": false
                    },
                    "ix": 2
                  },
                  "nm": "Path 1",
                  "mn": "ADBE Vector Shape - Group",
                  "hd": false
                },
                {
                  "ty": "st",
                  "c": {
                    "a": 0,
                    "k": [
                      0.23137254902,
                      0.741176470588,
                      0.36862745098,
                      1
                    ],
                    "ix": 3
                  },
                  "o": {
                    "a": 0,
                    "k": 100,
                    "ix": 4
                  },
                  "w": {
                    "a": 0,
                    "k": 70,
                    "ix": 5
                  },
                  "lc": 2,
                  "lj": 1,
                  "ml": 4,
                  "nm": "Stroke 1",
                  "mn": "ADBE Vector Graphic - Stroke",
                  "hd": false
                },
                {
                  "ty": "tr",
                  "p": {
                    "a": 0,
                    "k": [
                      0,
                      0
                    ],
                    "ix": 2
                  },
                  "a": {
                    "a": 0,
                    "k": [
                      0,
                      0
                    ],
                    "ix": 1
                  },
                  "s": {
                    "a": 0,
                    "k": [
                      100,
                      100
                    ],
                    "ix": 3
                  },
                  "r": {
                    "a": 0,
                    "k": 0,
                    "ix": 6
                  },
                  "o": {
                    "a": 0,
                    "k": 100,
                    "ix": 7
                  },
                  "sk": {
                    "a": 0,
                    "k": 0,
                    "ix": 4
                  },
                  "sa": {
                    "a": 0,
                    "k": 0,
                    "ix": 5
                  },
                  "nm": "Transform"
                }
              ],
              "nm": "Shape 1",
              "np": 2,
              "cix": 2,
              "ix": 1,
              "mn": "ADBE Vector Group",
              "hd": false
            },
            {
              "ty": "tm",
              "s": {
                "a": 1,
                "k": [
                  {
                    "i": {
                      "x": [
                        0.588
                      ],
                      "y": [
                        -51709.363
                      ]
                    },
                    "o": {
                      "x": [
                        0.167
                      ],
                      "y": [
                        0.167
                      ]
                    },
                    "n": [
                      "0p588_-51709p363_0p167_0p167"
                    ],
                    "t": 10,
                    "s": [
                      0
                    ],
                    "e": [
                      0
                    ]
                  },
                  {
                    "i": {
                      "x": [
                        0.696
                      ],
                      "y": [
                        0.999
                      ]
                    },
                    "o": {
                      "x": [
                        0.509
                      ],
                      "y": [
                        0.003
                      ]
                    },
                    "n": [
                      "0p696_0p999_0p509_0p003"
                    ],
                    "t": 13,
                    "s": [
                      0
                    ],
                    "e": [
                      100
                    ]
                  },
                  {
                    "t": 19.0000007738859
                  }
                ],
                "ix": 1
              },
              "e": {
                "a": 1,
                "k": [
                  {
                    "i": {
                      "x": [
                        0.566
                      ],
                      "y": [
                        0.999
                      ]
                    },
                    "o": {
                      "x": [
                        0.457
                      ],
                      "y": [
                        0.063
                      ]
                    },
                    "n": [
                      "0p566_0p999_0p457_0p063"
                    ],
                    "t": 10,
                    "s": [
                      0
                    ],
                    "e": [
                      100
                    ]
                  },
                  {
                    "t": 19.0000007738859
                  }
                ],
                "ix": 2
              },
              "o": {
                "a": 0,
                "k": 0,
                "ix": 3
              },
              "m": 1,
              "ix": 2,
              "nm": "Trim Paths 1",
              "mn": "ADBE Vector Filter - Trim",
              "hd": false
            }
          ],
          "ip": 0,
          "op": 150.000006109625,
          "st": 0,
          "bm": 0
        }
      ]
    }
  ],
  "layers": [
    {
      "ddd": 0,
      "ind": 1,
      "ty": 0,
      "nm": "trait",
      "refId": "comp_0",
      "sr": 1,
      "ks": {
        "o": {
          "a": 0,
          "k": 100,
          "ix": 11
        },
        "r": {
          "a": 0,
          "k": 90,
          "ix": 10
        },
        "p": {
          "a": 0,
          "k": [
            263.334,
            471.109,
            0
          ],
          "ix": 2
        },
        "a": {
          "a": 0,
          "k": [
            256,
            256,
            0
          ],
          "ix": 1
        },
        "s": {
          "a": 0,
          "k": [
            15,
            15,
            100
          ],
          "ix": 6
        }
      },
      "ao": 0,
      "w": 512,
      "h": 512,
      "ip": 0,
      "op": 150.000006109625,
      "st": 0,
      "bm": 0
    },
    {
      "ddd": 0,
      "ind": 2,
      "ty": 0,
      "nm": "trait",
      "refId": "comp_0",
      "sr": 1,
      "ks": {
        "o": {
          "a": 0,
          "k": 100,
          "ix": 11
        },
        "r": {
          "a": 0,
          "k": -180,
          "ix": 10
        },
        "p": {
          "a": 0,
          "k": [
            51.641,
            253.275,
            0
          ],
          "ix": 2
        },
        "a": {
          "a": 0,
          "k": [
            256,
            256,
            0
          ],
          "ix": 1
        },
        "s": {
          "a": 0,
          "k": [
            15,
            15,
            100
          ],
          "ix": 6
        }
      },
      "ao": 0,
      "w": 512,
      "h": 512,
      "ip": 0,
      "op": 150.000006109625,
      "st": 0,
      "bm": 0
    },
    {
      "ddd": 0,
      "ind": 3,
      "ty": 0,
      "nm": "trait",
      "refId": "comp_0",
      "sr": 1,
      "ks": {
        "o": {
          "a": 0,
          "k": 100,
          "ix": 11
        },
        "r": {
          "a": 0,
          "k": -90,
          "ix": 10
        },
        "p": {
          "a": 0,
          "k": [
            266.322,
            44.315,
            0
          ],
          "ix": 2
        },
        "a": {
          "a": 0,
          "k": [
            256,
            256,
            0
          ],
          "ix": 1
        },
        "s": {
          "a": 0,
          "k": [
            15,
            15,
            100
          ],
          "ix": 6
        }
      },
      "ao": 0,
      "w": 512,
      "h": 512,
      "ip": 0,
      "op": 150.000006109625,
      "st": 0,
      "bm": 0
    },
    {
      "ddd": 0,
      "ind": 4,
      "ty": 0,
      "nm": "trait",
      "refId": "comp_0",
      "sr": 1,
      "ks": {
        "o": {
          "a": 0,
          "k": 100,
          "ix": 11
        },
        "r": {
          "a": 0,
          "k": 0,
          "ix": 10
        },
        "p": {
          "a": 0,
          "k": [
            469.91,
            258.792,
            0
          ],
          "ix": 2
        },
        "a": {
          "a": 0,
          "k": [
            256,
            256,
            0
          ],
          "ix": 1
        },
        "s": {
          "a": 0,
          "k": [
            15,
            15,
            100
          ],
          "ix": 6
        }
      },
      "ao": 0,
      "w": 512,
      "h": 512,
      "ip": 0,
      "op": 150.000006109625,
      "st": 0,
      "bm": 0
    },
    {
      "ddd": 0,
      "ind": 5,
      "ty": 0,
      "nm": "firefly",
      "refId": "comp_1",
      "sr": 1,
      "ks": {
        "o": {
          "a": 0,
          "k": 100,
          "ix": 11
        },
        "r": {
          "a": 0,
          "k": -18.097,
          "ix": 10
        },
        "p": {
          "a": 0,
          "k": [
            400.635,
            189.708,
            0
          ],
          "ix": 2
        },
        "a": {
          "a": 0,
          "k": [
            256,
            256,
            0
          ],
          "ix": 1
        },
        "s": {
          "a": 0,
          "k": [
            20,
            20,
            100
          ],
          "ix": 6
        }
      },
      "ao": 0,
      "w": 512,
      "h": 512,
      "ip": 0,
      "op": 150.000006109625,
      "st": 0,
      "bm": 0
    },
    {
      "ddd": 0,
      "ind": 6,
      "ty": 0,
      "nm": "firefly",
      "refId": "comp_1",
      "sr": 1,
      "ks": {
        "o": {
          "a": 0,
          "k": 100,
          "ix": 11
        },
        "r": {
          "a": 0,
          "k": -72.471,
          "ix": 10
        },
        "p": {
          "a": 0,
          "k": [
            359.413,
            150.912,
            0
          ],
          "ix": 2
        },
        "a": {
          "a": 0,
          "k": [
            256,
            256,
            0
          ],
          "ix": 1
        },
        "s": {
          "a": 0,
          "k": [
            20,
            20,
            100
          ],
          "ix": 6
        }
      },
      "ao": 0,
      "w": 512,
      "h": 512,
      "ip": 0,
      "op": 150.000006109625,
      "st": 0,
      "bm": 0
    },
    {
      "ddd": 0,
      "ind": 7,
      "ty": 0,
      "nm": "firefly",
      "refId": "comp_1",
      "sr": 1,
      "ks": {
        "o": {
          "a": 0,
          "k": 100,
          "ix": 11
        },
        "r": {
          "a": 0,
          "k": -45.707,
          "ix": 10
        },
        "p": {
          "a": 0,
          "k": [
            396.894,
            150.961,
            0
          ],
          "ix": 2
        },
        "a": {
          "a": 0,
          "k": [
            256,
            256,
            0
          ],
          "ix": 1
        },
        "s": {
          "a": 0,
          "k": [
            30,
            30,
            100
          ],
          "ix": 6
        }
      },
      "ao": 0,
      "w": 512,
      "h": 512,
      "ip": 0,
      "op": 150.000006109625,
      "st": 0,
      "bm": 0
    },
    {
      "ddd": 0,
      "ind": 8,
      "ty": 0,
      "nm": "trait 2",
      "refId": "comp_2",
      "sr": 1,
      "ks": {
        "o": {
          "a": 0,
          "k": 100,
          "ix": 11
        },
        "r": {
          "a": 0,
          "k": -135.205,
          "ix": 10
        },
        "p": {
          "a": 0,
          "k": [
            410.865,
            406.53,
            0
          ],
          "ix": 2
        },
        "a": {
          "a": 0,
          "k": [
            256,
            256,
            0
          ],
          "ix": 1
        },
        "s": {
          "a": 0,
          "k": [
            -19.512,
            19.512,
            100
          ],
          "ix": 6
        }
      },
      "ao": 0,
      "w": 512,
      "h": 512,
      "ip": 0,
      "op": 150.000006109625,
      "st": 0,
      "bm": 0
    },
    {
      "ddd": 0,
      "ind": 9,
      "ty": 0,
      "nm": "trait 2",
      "refId": "comp_2",
      "sr": 1,
      "ks": {
        "o": {
          "a": 0,
          "k": 100,
          "ix": 11
        },
        "r": {
          "a": 0,
          "k": -45.606,
          "ix": 10
        },
        "p": {
          "a": 0,
          "k": [
            105.535,
            402.598,
            0
          ],
          "ix": 2
        },
        "a": {
          "a": 0,
          "k": [
            256,
            256,
            0
          ],
          "ix": 1
        },
        "s": {
          "a": 0,
          "k": [
            -19.512,
            19.512,
            100
          ],
          "ix": 6
        }
      },
      "ao": 0,
      "w": 512,
      "h": 512,
      "ip": 0,
      "op": 150.000006109625,
      "st": 0,
      "bm": 0
    },
    {
      "ddd": 0,
      "ind": 10,
      "ty": 0,
      "nm": "trait 2",
      "refId": "comp_2",
      "sr": 1,
      "ks": {
        "o": {
          "a": 0,
          "k": 100,
          "ix": 11
        },
        "r": {
          "a": 0,
          "k": -135.205,
          "ix": 10
        },
        "p": {
          "a": 0,
          "k": [
            104.864,
            111.71,
            0
          ],
          "ix": 2
        },
        "a": {
          "a": 0,
          "k": [
            256,
            256,
            0
          ],
          "ix": 1
        },
        "s": {
          "a": 0,
          "k": [
            19.512,
            19.512,
            100
          ],
          "ix": 6
        }
      },
      "ao": 0,
      "w": 512,
      "h": 512,
      "ip": 0,
      "op": 150.000006109625,
      "st": 0,
      "bm": 0
    },
    {
      "ddd": 0,
      "ind": 11,
      "ty": 0,
      "nm": "trait 2",
      "refId": "comp_2",
      "sr": 1,
      "ks": {
        "o": {
          "a": 0,
          "k": 100,
          "ix": 11
        },
        "r": {
          "a": 0,
          "k": -45.606,
          "ix": 10
        },
        "p": {
          "a": 0,
          "k": [
            416.722,
            113.206,
            0
          ],
          "ix": 2
        },
        "a": {
          "a": 0,
          "k": [
            256,
            256,
            0
          ],
          "ix": 1
        },
        "s": {
          "a": 0,
          "k": [
            19.512,
            19.512,
            100
          ],
          "ix": 6
        }
      },
      "ao": 0,
      "w": 512,
      "h": 512,
      "ip": 0,
      "op": 150.000006109625,
      "st": 0,
      "bm": 0
    },
    {
      "ddd": 0,
      "ind": 12,
      "ty": 4,
      "nm": "Shape Layer 2",
      "sr": 1,
      "ks": {
        "o": {
          "a": 0,
          "k": 100,
          "ix": 11
        },
        "r": {
          "a": 0,
          "k": 0,
          "ix": 10
        },
        "p": {
          "a": 0,
          "k": [
            236.888,
            240.258,
            0
          ],
          "ix": 2
        },
        "a": {
          "a": 0,
          "k": [
            0,
            0,
            0
          ],
          "ix": 1
        },
        "s": {
          "a": 0,
          "k": [
            69.59,
            69.59,
            100
          ],
          "ix": 6
        }
      },
      "ao": 0,
      "shapes": [
        {
          "ty": "gr",
          "it": [
            {
              "ind": 0,
              "ty": "sh",
              "ix": 1,
              "ks": {
                "a": 0,
                "k": {
                  "i": [
                    [
                      0,
                      0
                    ],
                    [
                      0,
                      0
                    ],
                    [
                      0,
                      0
                    ]
                  ],
                  "o": [
                    [
                      0,
                      0
                    ],
                    [
                      0,
                      0
                    ],
                    [
                      0,
                      0
                    ]
                  ],
                  "v": [
                    [
                      -76.426,
                      37.999
                    ],
                    [
                      12.056,
                      114.074
                    ],
                    [
                      169.991,
                      -68.635
                    ]
                  ],
                  "c": false
                },
                "ix": 2
              },
              "nm": "Path 1",
              "mn": "ADBE Vector Shape - Group",
              "hd": false
            },
            {
              "ty": "st",
              "c": {
                "a": 0,
                "k": [
                  1,
                  1,
                  1,
                  1
                ],
                "ix": 3
              },
              "o": {
                "a": 0,
                "k": 100,
                "ix": 4
              },
              "w": {
                "a": 0,
                "k": 35,
                "ix": 5
              },
              "lc": 2,
              "lj": 1,
              "ml": 4,
              "nm": "Stroke 1",
              "mn": "ADBE Vector Graphic - Stroke",
              "hd": false
            },
            {
              "ty": "tr",
              "p": {
                "a": 0,
                "k": [
                  -7,
                  11
                ],
                "ix": 2
              },
              "a": {
                "a": 0,
                "k": [
                  0,
                  0
                ],
                "ix": 1
              },
              "s": {
                "a": 0,
                "k": [
                  100,
                  100
                ],
                "ix": 3
              },
              "r": {
                "a": 0,
                "k": 0,
                "ix": 6
              },
              "o": {
                "a": 0,
                "k": 100,
                "ix": 7
              },
              "sk": {
                "a": 0,
                "k": 0,
                "ix": 4
              },
              "sa": {
                "a": 0,
                "k": 0,
                "ix": 5
              },
              "nm": "Transform"
            }
          ],
          "nm": "Shape 1",
          "np": 2,
          "cix": 2,
          "ix": 1,
          "mn": "ADBE Vector Group",
          "hd": false
        },
        {
          "ty": "tm",
          "s": {
            "a": 0,
            "k": 0,
            "ix": 1
          },
          "e": {
            "a": 1,
            "k": [
              {
                "i": {
                  "x": [
                    0.833
                  ],
                  "y": [
                    -2.986
                  ]
                },
                "o": {
                  "x": [
                    0.167
                  ],
                  "y": [
                    0
                  ]
                },
                "n": [
                  "0p833_-2p986_0p167_0"
                ],
                "t": 0,
                "s": [
                  0
                ],
                "e": [
                  0
                ]
              },
              {
                "i": {
                  "x": [
                    0
                  ],
                  "y": [
                    0.973
                  ]
                },
                "o": {
                  "x": [
                    0.167
                  ],
                  "y": [
                    0.042
                  ]
                },
                "n": [
                  "0_0p973_0p167_0p042"
                ],
                "t": 14.791,
                "s": [
                  0
                ],
                "e": [
                  32
                ]
              },
              {
                "i": {
                  "x": [
                    0.833
                  ],
                  "y": [
                    0.833
                  ]
                },
                "o": {
                  "x": [
                    0.828
                  ],
                  "y": [
                    0.011
                  ]
                },
                "n": [
                  "0p833_0p833_0p828_0p011"
                ],
                "t": 19.791,
                "s": [
                  32
                ],
                "e": [
                  100
                ]
              },
              {
                "t": 24.7912510097683
              }
            ],
            "ix": 2
          },
          "o": {
            "a": 0,
            "k": 0,
            "ix": 3
          },
          "m": 1,
          "ix": 2,
          "nm": "Trim Paths 1",
          "mn": "ADBE Vector Filter - Trim",
          "hd": false
        }
      ],
      "ip": 0,
      "op": 150.000006109625,
      "st": 0,
      "bm": 0
    },
    {
      "ddd": 0,
      "ind": 13,
      "ty": 4,
      "nm": "Shape Layer 1",
      "sr": 1,
      "ks": {
        "o": {
          "a": 0,
          "k": 100,
          "ix": 11
        },
        "r": {
          "a": 0,
          "k": 0,
          "ix": 10
        },
        "p": {
          "a": 0,
          "k": [
            256,
            256,
            0
          ],
          "ix": 2
        },
        "a": {
          "a": 0,
          "k": [
            0,
            0,
            0
          ],
          "ix": 1
        },
        "s": {
          "a": 0,
          "k": [
            80,
            80,
            100
          ],
          "ix": 6
        }
      },
      "ao": 0,
      "shapes": [
        {
          "ty": "gr",
          "it": [
            {
              "d": 1,
              "ty": "el",
              "s": {
                "a": 1,
                "k": [
                  {
                    "i": {
                      "x": [
                        0.976,
                        0.976
                      ],
                      "y": [
                        0.968,
                        0.968
                      ]
                    },
                    "o": {
                      "x": [
                        0.654,
                        0.654
                      ],
                      "y": [
                        0.007,
                        0.007
                      ]
                    },
                    "n": [
                      "0p976_0p968_0p654_0p007",
                      "0p976_0p968_0p654_0p007"
                    ],
                    "t": 0,
                    "s": [
                      0,
                      0
                    ],
                    "e": [
                      401.025,
                      401.025
                    ]
                  },
                  {
                    "i": {
                      "x": [
                        0.468,
                        0.468
                      ],
                      "y": [
                        1.057,
                        1.057
                      ]
                    },
                    "o": {
                      "x": [
                        0.346,
                        0.346
                      ],
                      "y": [
                        -4.83,
                        -4.83
                      ]
                    },
                    "n": [
                      "0p468_1p057_0p346_-4p83",
                      "0p468_1p057_0p346_-4p83"
                    ],
                    "t": 7,
                    "s": [
                      401.025,
                      401.025
                    ],
                    "e": [
                      372.7,
                      372.7
                    ]
                  },
                  {
                    "i": {
                      "x": [
                        0.375,
                        0.375
                      ],
                      "y": [
                        1.543,
                        1.543
                      ]
                    },
                    "o": {
                      "x": [
                        0.364,
                        0.364
                      ],
                      "y": [
                        0.031,
                        0.031
                      ]
                    },
                    "n": [
                      "0p375_1p543_0p364_0p031",
                      "0p375_1p543_0p364_0p031"
                    ],
                    "t": 12,
                    "s": [
                      372.7,
                      372.7
                    ],
                    "e": [
                      401.025,
                      401.025
                    ]
                  },
                  {
                    "i": {
                      "x": [
                        0.833,
                        0.833
                      ],
                      "y": [
                        1,
                        1
                      ]
                    },
                    "o": {
                      "x": [
                        0.327,
                        0.327
                      ],
                      "y": [
                        -8.038,
                        -8.038
                      ]
                    },
                    "n": [
                      "0p833_1_0p327_-8p038",
                      "0p833_1_0p327_-8p038"
                    ],
                    "t": 16,
                    "s": [
                      401.025,
                      401.025
                    ],
                    "e": [
                      401.025,
                      401.025
                    ]
                  },
                  {
                    "t": 20.0000008146167
                  }
                ],
                "ix": 2
              },
              "p": {
                "a": 0,
                "k": [
                  0,
                  0
                ],
                "ix": 3
              },
              "nm": "Ellipse Path 1",
              "mn": "ADBE Vector Shape - Ellipse",
              "hd": false
            },
            {
              "ty": "fl",
              "c": {
                "a": 0,
                "k": [
                  0.229886716955,
                  0.739552696078,
                  0.369435897528,
                  1
                ],
                "ix": 4
              },
              "o": {
                "a": 0,
                "k": 100,
                "ix": 5
              },
              "r": 1,
              "nm": "Fill 1",
              "mn": "ADBE Vector Graphic - Fill",
              "hd": false
            },
            {
              "ty": "tr",
              "p": {
                "a": 0,
                "k": [
                  5.992,
                  3.49
                ],
                "ix": 2
              },
              "a": {
                "a": 0,
                "k": [
                  0,
                  0
                ],
                "ix": 1
              },
              "s": {
                "a": 0,
                "k": [
                  100,
                  100
                ],
                "ix": 3
              },
              "r": {
                "a": 0,
                "k": 0,
                "ix": 6
              },
              "o": {
                "a": 0,
                "k": 100,
                "ix": 7
              },
              "sk": {
                "a": 0,
                "k": 0,
                "ix": 4
              },
              "sa": {
                "a": 0,
                "k": 0,
                "ix": 5
              },
              "nm": "Transform"
            }
          ],
          "nm": "Ellipse 1",
          "np": 2,
          "cix": 2,
          "ix": 1,
          "mn": "ADBE Vector Group",
          "hd": false
        }
      ],
      "ip": 0,
      "op": 150.000006109625,
      "st": 0,
      "bm": 0
    }
  ]
}